ruta,orden,id_esquina,lat,lon,dist_acumulada_m,calles,es_terminal,hora_llegada,seg_desde_salida,hubo_parada,pausa_seg,velocidad_tramo_kmh
GUADALUPE-RINCONADA-L1,1,E001,-15.478075,-70.0991219,0.0,Jirón 30 de Mayo,True,19:05:00,0.0,True,20.0,16.8
GUADALUPE-RINCONADA-L1,2,E002,-15.4773901,-70.0993817,80.7,Jirón 30 de Mayo / Jirón Conima,False,19:05:35,35.3,False,0.0,24.6
GUADALUPE-RINCONADA-L1,3,E003,-15.4769484,-70.0995439,132.6,Jirón 30 de Mayo,False,19:05:42,42.9,True,16.0,25.6
GUADALUPE-RINCONADA-L1,4,E004,-15.4765269,-70.0996987,182.1,Jirón 30 de Mayo,False,19:06:05,65.8,True,10.0,19.4
GUADALUPE-RINCONADA-L1,5,E005,-15.4760572,-70.0998711,237.3,Jirón 30 de Mayo / Jirón Arce,False,19:06:26,86.1,False,0.0,19.5
GUADALUPE-RINCONADA-L1,6,E006,-15.4755175,-70.1000697,300.7,Avenida Santa Rosa / Jirón 30 de Mayo,False,19:06:37,97.8,False,0.0,17.9
GUADALUPE-RINCONADA-L1,7,E007,-15.4747055,-70.1003273,394.6,Jirón 30 de Mayo,False,19:06:56,116.7,False,0.0,20.4
GUADALUPE-RINCONADA-L1,8,E008,-15.4740275,-70.1006004,475.2,Jirón 30 de Mayo,False,19:07:10,130.9,False,0.0,20.4
GUADALUPE-RINCONADA-L1,9,E009,-15.4728754,-70.1010171,610.2,Jirón 30 de Mayo,False,19:07:34,154.7,False,0.0,21.1
GUADALUPE-RINCONADA-L1,10,E010,-15.473138,-70.1016882,687.9,Jirón Víctor,False,19:07:47,168.0,True,26.0,19.6
GUADALUPE-RINCONADA-L1,11,E011,-15.4733393,-70.1021535,742.6,Jirón Pablos,False,19:08:24,204.5,True,34.0,26.0
GUADALUPE-RINCONADA-L1,12,E012,-15.4734541,-70.1024237,774.2,,False,19:09:02,242.4,False,0.0,18.2
GUADALUPE-RINCONADA-L1,13,E013,-15.473638,-70.1028515,824.4,Jirón Franciscos,False,19:09:12,252.3,False,0.0,17.6
GUADALUPE-RINCONADA-L1,14,E014,-15.4738868,-70.1034268,892.0,Jirón Dantel,False,19:09:26,266.1,False,0.0,18.3
GUADALUPE-RINCONADA-L1,15,E015,-15.4740925,-70.1038882,946.5,Avenida San Isidro,False,19:09:36,276.8,False,0.0,19.7
GUADALUPE-RINCONADA-L1,16,E016,-15.4743045,-70.1044138,1007.5,Jirón Mariano Calla,False,19:10:10,310.1,True,40.0,19.1
GUADALUPE-RINCONADA-L1,17,E017,-15.4744995,-70.1048787,1061.9,Jirón Alejandro Coyla,False,19:10:38,338.3,False,0.0,19.7
GUADALUPE-RINCONADA-L1,18,E018,-15.474694,-70.1053423,1116.1,Jirón Maria Elena,False,19:10:48,348.2,False,0.0,22.0
GUADALUPE-RINCONADA-L1,19,E019,-15.4748768,-70.1057779,1167.0,Jirón San Apolinar,False,19:10:56,356.5,False,0.0,15.8
GUADALUPE-RINCONADA-L1,20,E020,-15.4752829,-70.1062886,1237.9,Circunvalación 2,False,19:11:12,372.6,False,0.0,20.4
GUADALUPE-RINCONADA-L1,21,E021,-15.4754543,-70.1065041,1267.8,Circunvalación 2,False,19:11:17,377.9,True,24.0,21.6
GUADALUPE-RINCONADA-L1,22,E022,-15.4758866,-70.1070592,1344.1,,False,19:11:54,414.6,False,0.0,16.3
GUADALUPE-RINCONADA-L1,23,E023,-15.4761314,-70.1073737,1387.4,Jirón Daniel Hernandez,False,19:12:04,424.2,False,0.0,19.8
GUADALUPE-RINCONADA-L1,24,E024,-15.4768449,-70.1082538,1510.5,Jirón José María Arguedas,False,19:12:26,446.7,False,0.0,22.5
GUADALUPE-RINCONADA-L1,25,E025,-15.4771835,-70.1086713,1568.9,Pasaje Larico,False,19:12:48,468.2,True,44.0,19.3
GUADALUPE-RINCONADA-L1,26,E026,-15.4777652,-70.1093889,1669.5,Jirón Bernardo Alcedo,False,19:13:46,526.8,True,48.0,20.5
GUADALUPE-RINCONADA-L1,27,E027,-15.4782627,-70.1100194,1756.8,Avenida Pedro Ruiz Gallo / Jirón Bernardo Alcedo / Jirón Federico Villa Real,False,19:14:42,582.1,False,0.0,23.8
GUADALUPE-RINCONADA-L1,28,E028,-15.4781326,-70.1102601,1786.3,Avenida Pedro Ruiz Gallo / Jirón Federico Villa Real,False,19:14:46,586.6,False,0.0,19.1
GUADALUPE-RINCONADA-L1,29,E029,-15.4778529,-70.1108833,1860.0,Avenida Pedro Ruiz Gallo / Jirón Alejandro Peralta,False,19:15:00,600.5,False,0.0,19.8
GUADALUPE-RINCONADA-L1,30,E030,-15.4775874,-70.1115426,1936.6,Avenida Pedro Ruiz Gallo / Jirón Teodoro Valcárcel,False,19:15:14,614.4,False,0.0,18.8
GUADALUPE-RINCONADA-L1,31,E031,-15.4773019,-70.1121617,2010.1,Avenida Pedro Ruiz Gallo / Avenida Tambopata,False,19:15:28,628.5,True,46.0,19.1
GUADALUPE-RINCONADA-L1,32,E032,-15.4778857,-70.1125559,2099.7,Avenida Daniel Alomias Robles / Avenida Tambopata,False,19:16:31,691.3,False,0.0,17.4
GUADALUPE-RINCONADA-L1,33,E033,-15.4773575,-70.1138176,2247.1,Avenida Daniel Alomias Robles / Jirón Tambopata,False,19:17:01,721.9,False,0.0,17.0
GUADALUPE-RINCONADA-L1,34,E034,-15.4770701,-70.1144654,2323.5,Avenida Daniel Alomias Robles / Santiago Giraldo,False,19:17:18,738.0,False,0.0,16.1
GUADALUPE-RINCONADA-L1,35,E035,-15.4768049,-70.1150832,2396.0,Avenida Daniel Alomias Robles / Manuel Acosta,False,19:17:34,754.2,False,0.0,17.4
GUADALUPE-RINCONADA-L1,36,E036,-15.476618,-70.115481,2443.4,Alberto Cuentas Zabala / Avenida Daniel Alomias Robles,False,19:17:44,764.1,False,0.0,19.8
GUADALUPE-RINCONADA-L1,37,E037,-15.4763902,-70.1159948,2504.0,Avenida Daniel Alomias Robles / Avenida Huancané,False,19:17:55,775.1,True,38.0,20.9
GUADALUPE-RINCONADA-L1,38,E038,-15.4772679,-70.1170658,2664.7,Abraham Valderomar / Avenida Huancané,False,19:19:00,840.8,False,0.0,21.4
GUADALUPE-RINCONADA-L1,39,E039,-15.4780023,-70.1177768,2776.1,Avenida Huancané / Jirón Cincuentenario,False,19:19:19,859.6,False,0.0,20.8
GUADALUPE-RINCONADA-L1,40,E040,-15.4787587,-70.1185416,2893.3,Avenida Huancané / Jirón José Maria Eguren,False,19:20:15,915.8,True,6.0,14.1
GUADALUPE-RINCONADA-L1,41,E041,-15.4789378,-70.1187147,2920.5,Avenida Huancané / Jirón Illimani,False,19:20:52,952.8,True,24.0,19.7
GUADALUPE-RINCONADA-L1,42,E042,-15.479668,-70.1194461,3033.1,Avenida Huancané / Jirón Cordillera Condor,False,19:21:13,973.4,False,0.0,17.5
GUADALUPE-RINCONADA-L1,43,E043,-15.4801094,-70.1198846,3100.9,Avenida Huancané / Jirón Huayna Capac,False,19:21:27,987.3,False,0.0,21.3
GUADALUPE-RINCONADA-L1,44,E044,-15.4805219,-70.1203179,3166.0,Avenida Huancané,False,19:21:38,998.3,False,0.0,16.4
GUADALUPE-RINCONADA-L1,45,E045,-15.4809155,-70.1207297,3228.1,Avenida Huancané / Pasaje La Merced,False,19:21:51,1011.9,False,0.0,14.9
GUADALUPE-RINCONADA-L1,46,E046,-15.4812146,-70.1209942,3271.6,Avenida Huancané / Jirón San Francisco,False,19:22:02,1022.4,False,0.0,21.4
GUADALUPE-RINCONADA-L1,47,E047,-15.4816531,-70.1214463,3340.2,Avenida Huancané / Avenida Perú,False,19:22:14,1034.8,True,42.0,17.5
GUADALUPE-RINCONADA-L1,48,E048,-15.4826185,-70.1224458,3491.6,Avenida Huancané / Jiròn Pacifico,False,19:23:27,1107.2,True,38.0,19.8
GUADALUPE-RINCONADA-L1,49,E049,-15.4834387,-70.1232515,3616.9,Avenida Huancané / Jirón La Cultura,False,19:24:27,1167.9,True,20.0,17.8
GUADALUPE-RINCONADA-L1,50,E050,-15.4836738,-70.12349,3653.4,Avenida Huancané / Pasaje San Francisco,False,19:24:55,1195.3,True,30.0,20.5
GUADALUPE-RINCONADA-L1,51,E051,-15.4839921,-70.1238207,3703.4,Avenida Huancané / Jirón Miraflores,False,19:25:34,1234.1,False,0.0,18.9
GUADALUPE-RINCONADA-L1,52,E052,-15.4843606,-70.1246218,3800.5,Avenida Circunvalación Este / Avenida Huancané / Jirón Cahuide,False,19:25:52,1252.6,False,0.0,23.3
GUADALUPE-RINCONADA-L1,53,E053,-15.484965,-70.1246224,3887.3,Avenida Circunvalación Este / Jirón Enrique P. Caceres,False,19:26:10,1270.3,True,30.0,21.4
GUADALUPE-RINCONADA-L1,54,E054,-15.4851907,-70.1245284,3914.2,Avenida Circunvalación Este / Jirón Mariano Melgar,False,19:26:40,1300.5,False,0.0,17.6
GUADALUPE-RINCONADA-L1,55,E055,-15.486135,-70.124165,4025.7,Avenida Circunvalación Este / Jirón Sucre,False,19:27:03,1323.3,False,0.0,18.1
GUADALUPE-RINCONADA-L1,56,E056,-15.487145,-70.1237598,4145.6,Avenida Circunvalación Este / Jirón Lambayeque,False,19:27:27,1347.1,False,0.0,23.1
GUADALUPE-RINCONADA-L1,57,E057,-15.488025,-70.1234198,4249.5,Avenida Circunvalación Este / Jirón Huancané,False,19:27:43,1363.3,True,46.0,10.3
GUADALUPE-RINCONADA-L1,58,E058,-15.4884337,-70.1244785,4371.8,Jirón El Maestro / Jirón Huancané,False,19:29:12,1452.1,False,0.0,10.8
GUADALUPE-RINCONADA-L1,59,E059,-15.4887852,-70.1254952,4487.6,Jirón Benigno Ballón / Jirón Huancané,False,19:29:50,1490.8,False,0.0,10.0
GUADALUPE-RINCONADA-L1,60,E060,-15.4892494,-70.1267416,4630.8,Jirón Huancané / Jirón Túpac Amaru,False,19:30:42,1542.4,False,0.0,10.2
GUADALUPE-RINCONADA-L1,61,E061,-15.4894227,-70.1272436,4688.0,Jirón Huancané / Jirón Raúl Porras Barrenechea,False,19:31:02,1562.5,False,0.0,10.5
GUADALUPE-RINCONADA-L1,62,E062,-15.4897614,-70.1281604,4793.2,Jirón Gonzales Prada / Jirón Huancané,False,19:31:38,1598.5,False,0.0,12.6
GUADALUPE-RINCONADA-L1,63,E063,-15.4901137,-70.129122,4903.5,Jirón Huancané / Jirón Ramon Castilla,False,19:32:10,1630.9,True,48.0,9.6
GUADALUPE-RINCONADA-L1,64,E064,-15.4904729,-70.1301028,5016.0,Jirón Apurimac / Jirón Huancané,False,19:33:39,1720.0,False,0.0,8.6
GUADALUPE-RINCONADA-L1,65,E065,-15.4908244,-70.1310623,5126.0,Jirón Huancané / Jirón Tumbes,False,19:34:25,1765.9,False,0.0,10.1
GUADALUPE-RINCONADA-L1,66,E066,-15.4909629,-70.1314406,5169.4,Jirón Huancané,False,19:34:41,1781.3,False,0.0,8.2
GUADALUPE-RINCONADA-L1,67,E067,-15.4911286,-70.1318929,5221.3,Jirón 8 de Noviembre / Jirón Huancané,False,19:35:04,1804.1,False,0.0,9.0
GUADALUPE-RINCONADA-L1,68,E068,-15.4914295,-70.1327145,5315.5,Jirón Huancané,False,19:35:41,1841.8,False,0.0,10.9
GUADALUPE-RINCONADA-L1,69,E069,-15.4915375,-70.1330092,5349.3,Jirón Huancané / Jirón Mariano Nuñez,False,19:35:52,1853.0,False,0.0,9.5
GUADALUPE-RINCONADA-L1,70,E070,-15.4917981,-70.1337209,5430.9,Jirón Huancané / Jirón Lima / Jirón Sandia,False,19:36:23,1884.0,False,2.0,10.8
GUADALUPE-RINCONADA-L1,71,E071,-15.4925372,-70.1334173,5518.9,Jirón Huascar / Jirón Huayna Capac / Jirón Lima / San Roman,False,19:36:55,1915.4,False,0.0,9.5
GUADALUPE-RINCONADA-L1,72,E072,-15.4931467,-70.1331661,5591.6,Jirón 2 de Mayo / San Roman,False,19:37:22,1942.9,False,0.0,9.3
GUADALUPE-RINCONADA-L1,73,E073,-15.4938666,-70.1329012,5676.1,Jirón Cuzco / San Roman,False,19:37:55,1975.7,False,0.0,12.1
GUADALUPE-RINCONADA-L1,74,E074,-15.4946261,-70.1325889,5766.6,Jirón Jirón Bolívar / San Roman,False,19:38:22,2002.6,True,26.0,9.3
GUADALUPE-RINCONADA-L1,75,E075,-15.4953198,-70.13231,5849.0,Jirón Jorge Chávez / San Roman / Union,False,19:39:20,2060.5,False,0.0,11.1
GUADALUPE-RINCONADA-L1,76,E076,-15.4961088,-70.1319045,5946.5,9 de Diciembre / Bracesco / San Roman,False,19:40:08,2108.0,True,16.0,10.8
GUADALUPE-RINCONADA-L1,77,E077,-15.4967777,-70.131541,6030.2,Bracesco / Jirón Loreto,False,19:40:37,2138.0,True,18.0,12.8
GUADALUPE-RINCONADA-L1,78,E078,-15.4976091,-70.1310816,6134.5,Bracesco / Jirón Piura,False,19:41:23,2183.4,True,42.0,11.2
GUADALUPE-RINCONADA-L1,79,E079,-15.4979846,-70.1321158,6253.0,Jirón 7 de Junio / Jirón Piura,False,19:42:43,2263.5,False,0.0,11.1
GUADALUPE-RINCONADA-L1,80,E080,-15.4983721,-70.1331062,6367.5,Jirón Manuel Prado / Jirón Piura,False,19:43:20,2300.6,False,0.0,10.6
GUADALUPE-RINCONADA-L1,81,E081,-15.4986824,-70.1338787,6457.2,Calle Hipolito Unanue / Jirón Piura,False,19:43:51,2331.1,False,0.0,10.7
GUADALUPE-RINCONADA-L1,82,E082,-15.4988381,-70.1342377,6499.4,Calle Santiago Mamani / Jirón Piura,False,19:44:05,2345.2,False,0.0,11.7
GUADALUPE-RINCONADA-L1,83,E083,-15.4990923,-70.1349008,6576.0,Jirón Piura / Jorge Chavez / Prolongación Jirón Piura / Salvador Allende,False,19:44:28,2368.7,False,2.0,9.2
GUADALUPE-RINCONADA-L1,84,E084,-15.49988,-70.1346371,6667.6,Calle Callao / Salvador Allende,False,19:45:06,2406.4,False,0.0,8.8
GUADALUPE-RINCONADA-L1,85,E085,-15.5006702,-70.1343399,6760.7,Arica / Salvador Allende,False,19:45:44,2444.3,False,0.0,11.0
GUADALUPE-RINCONADA-L1,86,E086,-15.5011831,-70.1340627,6825.1,Calle 4 de Noviembre / Salvador Allende,False,19:46:05,2465.3,False,0.0,9.6
GUADALUPE-RINCONADA-L1,87,E087,-15.5014235,-70.1338756,6858.5,Salvador Allende,False,19:46:17,2477.8,False,0.0,11.5
GUADALUPE-RINCONADA-L1,88,E088,-15.502273,-70.1330137,6991.0,Jirón Mariano Pandia / Pablo Neruda / Salvador Allende,False,19:46:59,2519.2,True,46.0,10.6
GUADALUPE-RINCONADA-L1,89,E089,-15.5034631,-70.1340717,7170.2,Avenida Argentina / Pablo Neruda,False,19:48:45,2626.0,False,4.0,17.0
GUADALUPE-RINCONADA-L1,90,E090,-15.5030884,-70.1348626,7264.7,Avenida Argentina,False,19:49:42,2682.0,True,32.0,23.7
GUADALUPE-RINCONADA-L1,91,E091,-15.5033136,-70.1351481,7304.1,,False,19:49:56,2696.3,True,38.0,19.8
GUADALUPE-RINCONADA-L1,92,E092,-15.5037754,-70.1358496,7395.1,,False,19:50:42,2742.6,False,0.0,19.9
GUADALUPE-RINCONADA-L1,93,E093,-15.5041666,-70.1362783,7458.3,,False,19:51:04,2764.1,True,12.0,25.8
GUADALUPE-RINCONADA-L1,94,E094,-15.5045661,-70.1365477,7517.9,Jirón San Pablo,False,19:51:14,2774.3,False,0.0,18.4
GUADALUPE-RINCONADA-L1,95,E095,-15.5048724,-70.1368902,7567.8,Avenida Keñuales,False,19:51:24,2784.1,False,0.0,20.7
GUADALUPE-RINCONADA-L1,96,E096,-15.5051913,-70.1372132,7617.3,Avenida Keñuales,False,19:51:32,2792.7,False,0.0,28.8
GUADALUPE-RINCONADA-L1,97,E097,-15.5054166,-70.1375041,7657.2,Avenida Keñuales,False,19:51:37,2797.7,True,14.0,14.4
GUADALUPE-RINCONADA-L1,98,E098,-15.5054926,-70.1378198,7692.2,Avenida Keñuales / Jirón Oquideas,False,19:52:00,2820.4,False,0.0,18.6
GUADALUPE-RINCONADA-L1,99,E099,-15.5055901,-70.1382679,7741.5,Avenida Keñuales / Calle Los Castaños / Calle Los Pinos,False,19:52:09,2830.0,False,0.0,17.4
GUADALUPE-RINCONADA-L1,100,E100,-15.5056893,-70.138716,7790.8,Avenida Keñuales / Jirón Los Keñuales,False,19:52:28,2848.2,True,12.0,15.6
GUADALUPE-RINCONADA-L1,101,E101,-15.5057666,-70.139152,7838.4,Avenida Keñuales / Jirón Retamas,False,19:52:43,2863.1,False,0.0,18.7
GUADALUPE-RINCONADA-L1,102,E102,-15.5058446,-70.1396017,7887.4,Avenida Keñuales / Jirón Frangel / Jirón Los Kollys,False,19:52:52,2872.6,False,0.0,19.2
GUADALUPE-RINCONADA-L1,103,E103,-15.5059117,-70.1399651,7927.1,Avenida Keñuales / Jirón Frangel,True,19:53:00,2880.0,False,0.0,
